,Pais,Year,N_Internos_violencia
0,Abyei Area,2022,56000
1,Afghanistan,2022,32000
2,Angola,2022,0
3,Albania,2022,0
4,Argentina,2022,0
5,Armenia,2022,7600
6,American Samoa,2022,0
7,Australia,2022,0
8,Azerbaijan,2022,0
9,Burundi,2022,600
10,Belgium,2022,0
11,Benin,2022,1200
12,Burkina Faso,2022,438000
13,Bangladesh,2022,560
14,Bulgaria,2022,0
15,Bosnia and Herzegovina,2022,0
16,Belize,2022,0
17,Bolivia,2022,0
18,Brazil,2022,5600
19,Central African Republic,2022,290000
20,Canada,2022,0
21,Switzerland,2022,0
22,Chile,2022,0
23,China,2022,0
24,Côte d'Ivoire,2022,0
25,Cameroon,2022,139000
26,Dem. Rep. Congo,2022,4004000
27,Congo,2022,0
28,Cook Islands,2022,0
29,Colombia,2022,339000
30,Costa Rica,2022,0
31,Cuba,2022,0
32,Cyprus,2022,0
33,Germany,2022,0
34,Djibouti,2022,0
35,Denmark,2022,0
36,Dominican Republic,2022,0
37,Algeria,2022,0
38,Ecuador,2022,0
39,Spain,2022,0
40,Ethiopia,2022,2032000
41,Finland,2022,0
42,Fiji,2022,0
43,France,2022,0
44,United Kingdom,2022,0
45,Georgia,2022,0
46,Ghana,2022,0
47,Guinea,2022,0
48,Guadeloupe,2022,0
49,Gambia,2022,7800
50,Greece,2022,0
51,Guatemala,2022,5
52,Guyana,2022,0
53,"Hong Kong, China",2022,0
54,Honduras,2022,260
55,Croatia,2022,0
56,Haiti,2022,106000
57,Indonesia,2022,7100
58,India,2022,1000
59,Ireland,2022,0
60,Iran,2022,0
61,Iraq,2022,32000
62,Iceland,2022,0
63,Israel,2022,1100
64,Italy,2022,0
65,Japan,2022,0
66,Kazakhstan,2022,120
67,Kenya,2022,15000
68,Kyrgyzstan,2022,166000
69,Cambodia,2022,0
70,Korea,2022,0
71,Kuwait,2022,0
72,Lao PDR,2022,0
73,Lebanon,2022,0
74,Libya,2022,360
75,St. Lucia,2022,0
76,Sri Lanka,2022,0
77,Latvia,2022,0
78,Morocco,2022,0
79,Madagascar,2022,0
80,Maldives,2022,0
81,Mexico,2022,9200
82,Marshall Islands,2022,0
83,North Macedonia,2022,0
84,Mali,2022,154000
85,Myanmar,2022,1006000
86,Mongolia,2022,0
87,Mozambique,2022,283000
88,Mauritania,2022,0
89,Mauritius,2022,0
90,Malawi,2022,0
91,Malaysia,2022,0
92,Mayotte,2022,0
93,New Caledonia,2022,0
94,Niger,2022,101000
95,Nigeria,2022,148000
96,Nicaragua,2022,0
97,Norway,2022,0
98,Nepal,2022,0
99,New Zealand,2022,0
100,Oman,2022,0
101,Pakistan,2022,680
102,Panama,2022,0
103,Peru,2022,0
104,Philippines,2022,123000
105,Papua New Guinea,2022,64000
106,Puerto Rico,2022,0
107,Dem. People's Rep. Korea,2022,0
108,Portugal,2022,0
109,Palestine,2022,1800
110,French Polynesia,2022,0
111,Romania,2022,0
112,Russia,2022,7100
113,Rwanda,2022,0
114,Sudan,2022,314000
115,Senegal,2022,0
116,Solomon Islands,2022,0
117,Sierra Leone,2022,0
118,El Salvador,2022,73000
119,Somalia,2022,621000
120,Serbia,2022,0
121,South Sudan,2022,337000
122,São Tomé and Principe,2022,0
123,Suriname,2022,0
124,Slovenia,2022,0
125,Eswatini,2022,0
126,Syria,2022,171000
127,Turks and Caicos Islands,2022,0
128,Chad,2022,80000
129,Togo,2022,2300
130,Thailand,2022,0
131,Tajikistan,2022,0
132,Tonga,2022,0
133,Trinidad and Tobago,2022,0
134,Tunisia,2022,0
135,Türkiye,2022,0
136,"Taiwan, China",2022,0
137,Tanzania,2022,0
138,Uganda,2022,2000
139,Ukraine,2022,16870000
140,Uruguay,2022,0
141,United States,2022,0
142,Uzbekistan,2022,0
143,St. Vincent and the Grenadines,2022,0
144,Venezuela,2022,0
145,Viet Nam,2022,0
146,Vanuatu,2022,0
147,Samoa,2022,0
148,Kosovo,2022,0
149,Yemen,2022,276000
150,South Africa,2022,0
151,Zambia,2022,0
152,Zimbabwe,2022,0
153,Abyei Area,2021,600
154,Afghanistan,2021,723000
155,Angola,2021,0
156,Albania,2021,0
157,United Arab Emirates,2021,0
158,Argentina,2021,0
159,Armenia,2021,0
160,Australia,2021,0
161,Austria,2021,0
162,Azerbaijan,2021,0
163,Burundi,2021,94
164,Belgium,2021,0
165,Benin,2021,0
166,Burkina Faso,2021,682000
167,Bangladesh,2021,150
168,Bulgaria,2021,0
169,Bosnia and Herzegovina,2021,0
170,Bolivia,2021,0
171,Brazil,2021,21000
172,Barbados,2021,0
173,Central African Republic,2021,487000
174,Canada,2021,0
175,Switzerland,2021,0
176,Chile,2021,0
177,China,2021,0
178,Côte d'Ivoire,2021,0
179,Cameroon,2021,131000
180,Dem. Rep. Congo,2021,2712000
181,Congo,2021,0
182,Cook Islands,2021,0
183,Colombia,2021,134000
184,Costa Rica,2021,0
185,Cuba,2021,0
186,Cayman Islands,2021,0
187,Cyprus,2021,0
188,Czech Republic,2021,0
189,Germany,2021,0
190,Dominican Republic,2021,0
191,Algeria,2021,0
192,Ecuador,2021,0
193,Egypt,2021,0
194,Spain,2021,0
195,Ethiopia,2021,5142000
196,Fiji,2021,0
197,France,2021,0
198,United Kingdom,2021,0
199,Georgia,2021,0
200,Ghana,2021,0
201,Guinea,2021,0
202,Gambia,2021,700
203,Greece,2021,0
204,Guatemala,2021,130
205,Guyana,2021,0
206,"Hong Kong, China",2021,0
207,Honduras,2021,550
208,Croatia,2021,0
209,Haiti,2021,20000
210,Indonesia,2021,27000
211,India,2021,13000
212,Ireland,2021,0
213,Iran,2021,0
214,Iraq,2021,57000
215,Iceland,2021,0
216,Israel,2021,3200
217,Italy,2021,0
218,Jamaica,2021,0
219,Japan,2021,0
220,Kazakhstan,2021,0
221,Kenya,2021,4600
222,Kyrgyzstan,2021,46000
223,Cambodia,2021,0
224,Korea,2021,0
225,Lao PDR,2021,0
226,Lebanon,2021,61
227,Libya,2021,0
228,Sri Lanka,2021,0
229,Lesotho,2021,0
230,Luxembourg,2021,0
231,"Macao, China",2021,0
232,Morocco,2021,0
233,Madagascar,2021,1300
234,Mexico,2021,29000
235,North Macedonia,2021,0
236,Mali,2021,249000
237,Myanmar,2021,448000
238,Mongolia,2021,0
239,Mozambique,2021,187000
240,Malawi,2021,0
241,Malaysia,2021,0
242,Mayotte,2021,8
243,Namibia,2021,0
244,New Caledonia,2021,13
245,Niger,2021,110000
246,Nigeria,2021,376000
247,Nicaragua,2021,0
248,Netherlands,2021,0
249,Norway,2021,0
250,Nepal,2021,0
251,New Zealand,2021,0
252,Oman,2021,0
253,Pakistan,2021,0
254,Panama,2021,0
255,Peru,2021,0
256,Philippines,2021,140000
257,Palau,2021,0
258,Papua New Guinea,2021,9500
259,Poland,2021,0
260,Dem. People's Rep. Korea,2021,0
261,Portugal,2021,0
262,Palestine,2021,118000
263,Réunion,2021,0
264,Romania,2021,0
265,Russia,2021,0
266,Rwanda,2021,0
267,Sudan,2021,442000
268,Senegal,2021,0
269,Solomon Islands,2021,1000
270,Sierra Leone,2021,0
271,El Salvador,2021,175000
272,Somalia,2021,549000
273,Serbia,2021,0
274,South Sudan,2021,429000
275,São Tomé and Principe,2021,0
276,Suriname,2021,0
277,Eswatini,2021,0
278,Syria,2021,456000
279,Chad,2021,42000
280,Thailand,2021,520
281,Tajikistan,2021,15000
282,Timor-Leste,2021,0
283,Tunisia,2021,0
284,Türkiye,2021,0
285,"Taiwan, China",2021,0
286,Tanzania,2021,0
287,Uganda,2021,1300
288,Ukraine,2021,40
289,Uruguay,2021,0
290,United States,2021,0
291,St. Vincent and the Grenadines,2021,0
292,Venezuela,2021,0
293,Viet Nam,2021,0
294,Kosovo,2021,0
295,Yemen,2021,377000
296,South Africa,2021,520
297,Zambia,2021,0
298,Zimbabwe,2021,0
299,Abyei Area,2020,4700
300,Afghanistan,2020,404000
301,Angola,2020,0
302,Albania,2020,0
303,United Arab Emirates,2020,0
304,Argentina,2020,0
305,Armenia,2020,800
306,American Samoa,2020,0
307,Australia,2020,0
308,Azerbaijan,2020,84000
309,Burundi,2020,310
310,Benin,2020,0
311,Burkina Faso,2020,515000
312,Bangladesh,2020,230
313,Bahamas,2020,0
314,Bosnia and Herzegovina,2020,0
315,Belize,2020,0
316,Bermuda,2020,0
317,Bolivia,2020,0
318,Brazil,2020,0
319,Bhutan,2020,0
320,Botswana,2020,0
321,Central African Republic,2020,318000
322,Canada,2020,0
323,Switzerland,2020,0
324,Chile,2020,0
325,China,2020,0
326,Côte d'Ivoire,2020,15000
327,Cameroon,2020,123000
328,Dem. Rep. Congo,2020,2209000
329,Congo,2020,0
330,Colombia,2020,106000
331,Cabo Verde,2020,0
332,Costa Rica,2020,0
333,Cuba,2020,0
334,Cyprus,2020,0
335,Czech Republic,2020,0
336,Germany,2020,0
337,Djibouti,2020,0
338,Dominican Republic,2020,0
339,Algeria,2020,0
340,Ecuador,2020,0
341,Egypt,2020,1000
342,Spain,2020,0
343,Ethiopia,2020,1692000
344,Fiji,2020,0
345,France,2020,0
346,Gabon,2020,0
347,United Kingdom,2020,0
348,Georgia,2020,0
349,Ghana,2020,0
350,Guinea,2020,0
351,Gambia,2020,0
352,Greece,2020,0
353,Guatemala,2020,0
354,French Guiana,2020,0
355,"Hong Kong, China",2020,0
356,Honduras,2020,0
357,Croatia,2020,0
358,Haiti,2020,7900
359,Hungary,2020,0
360,Indonesia,2020,4600
361,India,2020,3900
362,Ireland,2020,0
363,Iran,2020,0
364,Iraq,2020,67000
365,Iceland,2020,0
366,Israel,2020,3000
367,Italy,2020,0
368,Jamaica,2020,0
369,Jordan,2020,0
370,Japan,2020,0
371,Kazakhstan,2020,0
372,Kenya,2020,3900
373,Kyrgyzstan,2020,250
374,Cambodia,2020,0
375,Korea,2020,0
376,Lao PDR,2020,0
377,Lebanon,2020,0
378,Liberia,2020,0
379,Libya,2020,39000
380,Sri Lanka,2020,0
381,Luxembourg,2020,0
382,"Macao, China",2020,0
383,Morocco,2020,0
384,Madagascar,2020,0
385,Mexico,2020,9700
386,North Macedonia,2020,0
387,Mali,2020,277000
388,Myanmar,2020,70000
389,Mongolia,2020,0
390,Mozambique,2020,592000
391,Mauritania,2020,0
392,Mauritius,2020,0
393,Malawi,2020,0
394,Malaysia,2020,0
395,Namibia,2020,0
396,New Caledonia,2020,140
397,Niger,2020,136000
398,Nigeria,2020,169000
399,Nicaragua,2020,77
400,Netherlands,2020,0
401,Norway,2020,0
402,Nepal,2020,0
403,New Zealand,2020,0
404,Oman,2020,0
405,Pakistan,2020,390
406,Panama,2020,0
407,Peru,2020,0
408,Philippines,2020,111000
409,Papua New Guinea,2020,0
410,Poland,2020,0
411,Puerto Rico,2020,0
412,Dem. People's Rep. Korea,2020,0
413,Portugal,2020,0
414,Paraguay,2020,0
415,Palestine,2020,1000
416,French Polynesia,2020,0
417,Romania,2020,0
418,Russia,2020,0
419,Rwanda,2020,0
420,Saudi Arabia,2020,0
421,Sudan,2020,79000
422,Senegal,2020,0
423,Solomon Islands,2020,0
424,Sierra Leone,2020,0
425,El Salvador,2020,114000
426,Somalia,2020,293000
427,Serbia,2020,0
428,South Sudan,2020,271000
429,Slovakia,2020,0
430,Syria,2020,1822000
431,Chad,2020,79000
432,Thailand,2020,0
433,Tajikistan,2020,0
434,Timor-Leste,2020,0
435,Tonga,2020,0
436,Trinidad and Tobago,2020,0
437,Tunisia,2020,0
438,Türkiye,2020,0
439,Tuvalu,2020,0
440,"Taiwan, China",2020,0
441,Tanzania,2020,0
442,Uganda,2020,79
443,Ukraine,2020,74
444,Uruguay,2020,0
445,United States,2020,0
446,Uzbekistan,2020,0
447,Venezuela,2020,0
448,Viet Nam,2020,0
449,Vanuatu,2020,0
450,Samoa,2020,0
451,Kosovo,2020,0
452,Yemen,2020,143000
453,South Africa,2020,0
454,Zambia,2020,0
455,Zimbabwe,2020,0
456,Abyei Area,2019,0
457,Afghanistan,2019,461000
458,Angola,2019,0
459,Albania,2019,0
460,United Arab Emirates,2019,0
461,Argentina,2019,0
462,Australia,2019,0
463,Austria,2019,0
464,Azerbaijan,2019,0
465,Burundi,2019,530
466,Belgium,2019,0
467,Benin,2019,0
468,Burkina Faso,2019,513000
469,Bangladesh,2019,490
470,Bahamas,2019,0
471,Bosnia and Herzegovina,2019,0
472,Bolivia,2019,31
473,Brazil,2019,0
474,Barbados,2019,0
475,Central African Republic,2019,96000
476,Canada,2019,0
477,Switzerland,2019,0
478,Chile,2019,0
479,China,2019,0
480,Côte d'Ivoire,2019,300
481,Cameroon,2019,67000
482,Dem. Rep. Congo,2019,1672000
483,Congo,2019,2
484,Colombia,2019,139000
485,Comoros,2019,0
486,Costa Rica,2019,0
487,Cuba,2019,0
488,Cyprus,2019,0
489,Germany,2019,0
490,Djibouti,2019,0
491,Dominica,2019,0
492,Dominican Republic,2019,0
493,Algeria,2019,0
494,Ecuador,2019,0
495,Egypt,2019,4
496,Spain,2019,0
497,Ethiopia,2019,1052000
498,Fiji,2019,0
499,France,2019,0
500,United Kingdom,2019,0
501,Georgia,2019,0
502,Ghana,2019,2000
503,Guinea,2019,0
504,Gambia,2019,0
505,Guinea-Bissau,2019,0
506,Greece,2019,0
507,Grenada,2019,0
508,Guatemala,2019,0
509,Guam,2019,0
510,"Hong Kong, China",2019,0
511,Honduras,2019,0
512,Haiti,2019,2100
513,Hungary,2019,0
514,Indonesia,2019,23000
515,India,2019,19000
516,Iran,2019,0
517,Iraq,2019,104000
518,Israel,2019,2300
519,Italy,2019,0
520,Jordan,2019,0
521,Japan,2019,0
522,Kenya,2019,1800
523,Kyrgyzstan,2019,770
524,Cambodia,2019,0
525,Korea,2019,0
526,Lao PDR,2019,0
527,Lebanon,2019,0
528,Liberia,2019,0
529,Libya,2019,215000
530,St. Lucia,2019,0
531,Sri Lanka,2019,1700
532,Luxembourg,2019,0
533,Morocco,2019,0
534,Madagascar,2019,0
535,Maldives,2019,0
536,Mexico,2019,8700
537,Marshall Islands,2019,0
538,North Macedonia,2019,0
539,Mali,2019,284000
540,Myanmar,2019,80000
541,Mongolia,2019,0
542,Northern Mariana Islands,2019,0
543,Mozambique,2019,5300
544,Mauritania,2019,0
545,Martinique,2019,0
546,Mauritius,2019,0
547,Malawi,2019,0
548,Malaysia,2019,0
549,Mayotte,2019,0
550,Namibia,2019,0
551,Niger,2019,56000
552,Nigeria,2019,248000
553,Nicaragua,2019,0
554,Norway,2019,0
555,Nepal,2019,0
556,New Zealand,2019,0
557,Oman,2019,0
558,Pakistan,2019,16000
559,Panama,2019,0
560,Peru,2019,35
561,Philippines,2019,183000
562,Papua New Guinea,2019,1300
563,Poland,2019,0
564,Puerto Rico,2019,0
565,Dem. People's Rep. Korea,2019,0
566,Portugal,2019,0
567,Paraguay,2019,0
568,Palestine,2019,1500
569,French Polynesia,2019,0
570,Romania,2019,0
571,Russia,2019,0
572,Rwanda,2019,0
573,Saudi Arabia,2019,0
574,Sudan,2019,84000
575,Senegal,2019,0
576,Solomon Islands,2019,0
577,Sierra Leone,2019,2500
578,El Salvador,2019,454000
579,Somalia,2019,188000
580,Serbia,2019,0
581,South Sudan,2019,259000
582,Sweden,2019,0
583,Syria,2019,1847000
584,Chad,2019,58000
585,Thailand,2019,0
586,Tajikistan,2019,0
587,Trinidad and Tobago,2019,0
588,Tunisia,2019,0
589,Türkiye,2019,2000
590,"Taiwan, China",2019,0
591,Tanzania,2019,0
592,Uganda,2019,2300
593,Ukraine,2019,60
594,Uruguay,2019,0
595,United States,2019,0
596,St. Vincent and the Grenadines,2019,0
597,Venezuela,2019,0
598,Viet Nam,2019,0
599,Vanuatu,2019,0
600,Kosovo,2019,0
601,Yemen,2019,398000
602,South Africa,2019,2300
603,Zambia,2019,0
604,Zimbabwe,2019,0
605,Abyei Area,2018,150
606,Afghanistan,2018,372000
607,Angola,2018,0
608,Albania,2018,0
609,Argentina,2018,0
610,American Samoa,2018,0
611,Australia,2018,0
612,Azerbaijan,2018,0
613,Burundi,2018,5100
614,Belgium,2018,0
615,Benin,2018,3500
616,Burkina Faso,2018,42000
617,Bangladesh,2018,300
618,Bulgaria,2018,0
619,Bahamas,2018,0
620,Bosnia and Herzegovina,2018,0
621,Bolivia,2018,0
622,Brazil,2018,0
623,Botswana,2018,0
624,Central African Republic,2018,510000
625,Canada,2018,0
626,Switzerland,2018,0
627,Chile,2018,0
628,China,2018,0
629,Côte d'Ivoire,2018,700
630,Cameroon,2018,459000
631,Dem. Rep. Congo,2018,1840000
632,Congo,2018,0
633,Colombia,2018,145000
634,Costa Rica,2018,0
635,Cuba,2018,0
636,Cyprus,2018,0
637,Czech Republic,2018,0
638,Germany,2018,0
639,Djibouti,2018,0
640,Dominica,2018,0
641,Dominican Republic,2018,0
642,Algeria,2018,0
643,Ecuador,2018,420
644,Egypt,2018,15000
645,Spain,2018,0
646,Ethiopia,2018,2895000
647,Finland,2018,0
648,Fiji,2018,0
649,France,2018,0
650,United Kingdom,2018,0
651,Georgia,2018,0
652,Ghana,2018,5000
653,Guinea,2018,0
654,Guinea-Bissau,2018,0
655,Greece,2018,0
656,Grenada,2018,0
657,Greenland,2018,0
658,Guatemala,2018,0
659,Guam,2018,0
660,Guyana,2018,0
661,"Hong Kong, China",2018,0
662,Honduras,2018,950
663,Croatia,2018,0
664,Haiti,2018,0
665,Indonesia,2018,4500
666,India,2018,169000
667,Iran,2018,0
668,Iraq,2018,150000
669,Israel,2018,2100
670,Italy,2018,0
671,Jamaica,2018,0
672,Jordan,2018,0
673,Japan,2018,0
674,Kazakhstan,2018,0
675,Kenya,2018,10000
676,Kyrgyzstan,2018,0
677,Cambodia,2018,0
678,Korea,2018,0
679,Lao PDR,2018,0
680,Lebanon,2018,0
681,Liberia,2018,0
682,Libya,2018,70000
683,Sri Lanka,2018,1100
684,Lesotho,2018,0
685,Latvia,2018,0
686,"Macao, China",2018,0
687,Madagascar,2018,1700
688,Maldives,2018,0
689,Mexico,2018,11000
690,North Macedonia,2018,0
691,Mali,2018,126000
692,Myanmar,2018,42000
693,Montenegro,2018,0
694,Mongolia,2018,0
695,Northern Mariana Islands,2018,0
696,Mozambique,2018,3800
697,Mauritania,2018,0
698,Mauritius,2018,0
699,Malawi,2018,0
700,Malaysia,2018,0
701,Namibia,2018,0
702,New Caledonia,2018,0
703,Niger,2018,52000
704,Nigeria,2018,541000
705,Nicaragua,2018,0
706,Nepal,2018,0
707,New Zealand,2018,0
708,Oman,2018,0
709,Pakistan,2018,1800
710,Peru,2018,0
711,Philippines,2018,188000
712,Papua New Guinea,2018,360
713,Puerto Rico,2018,0
714,Dem. People's Rep. Korea,2018,0
715,Portugal,2018,0
716,Paraguay,2018,0
717,Palestine,2018,490
718,Romania,2018,0
719,Russia,2018,0
720,Rwanda,2018,0
721,Saudi Arabia,2018,0
722,Sudan,2018,41000
723,Senegal,2018,0
724,Solomon Islands,2018,0
725,Sierra Leone,2018,3000
726,El Salvador,2018,246000
727,Somalia,2018,578000
728,Serbia,2018,0
729,South Sudan,2018,321000
730,Slovakia,2018,0
731,Slovenia,2018,0
732,Sweden,2018,0
733,Eswatini,2018,0
734,Syria,2018,1649000
735,Chad,2018,0
736,Thailand,2018,0
737,Tajikistan,2018,0
738,Tonga,2018,0
739,Trinidad and Tobago,2018,0
740,Tunisia,2018,0
741,Türkiye,2018,0
742,"Taiwan, China",2018,0
743,Tanzania,2018,0
744,Uganda,2018,9000
745,Ukraine,2018,12000
746,Uruguay,2018,0
747,United States,2018,0
748,Venezuela,2018,0
749,Viet Nam,2018,0
750,Vanuatu,2018,0
751,Samoa,2018,0
752,Kosovo,2018,0
753,Yemen,2018,252000
754,South Africa,2018,0
755,Zambia,2018,0
756,Zimbabwe,2018,0
757,Abyei Area,2017,0
758,Afghanistan,2017,474000
759,Angola,2017,0
760,Anguilla,2017,0
761,Albania,2017,0
762,United Arab Emirates,2017,0
763,Argentina,2017,0
764,Antigua and Barbuda,2017,0
765,Australia,2017,0
766,Azerbaijan,2017,0
767,Burundi,2017,14000
768,Benin,2017,0
769,Burkina Faso,2017,4900
770,Bangladesh,2017,6000
771,Bulgaria,2017,0
772,Bahamas,2017,0
773,Bosnia and Herzegovina,2017,0
774,Bolivia,2017,0
775,Brazil,2017,0
776,Brunei,2017,0
777,Botswana,2017,0
778,Central African Republic,2017,539000
779,Canada,2017,0
780,Switzerland,2017,0
781,Chile,2017,0
782,China,2017,0
783,Côte d'Ivoire,2017,5500
784,Cameroon,2017,119000
785,Dem. Rep. Congo,2017,2166000
786,Congo,2017,86000
787,Colombia,2017,139000
788,Comoros,2017,0
789,Costa Rica,2017,0
790,Cuba,2017,0
791,Cyprus,2017,0
792,Germany,2017,0
793,Dominica,2017,0
794,Dominican Republic,2017,0
795,Ecuador,2017,0
796,Egypt,2017,1800
797,Spain,2017,0
798,Ethiopia,2017,725000
799,Fiji,2017,0
800,France,2017,0
801,Gabon,2017,0
802,United Kingdom,2017,0
803,Georgia,2017,0
804,Ghana,2017,0
805,Guinea,2017,0
806,Gambia,2017,162000
807,Greece,2017,0
808,Grenada,2017,0
809,Greenland,2017,0
810,Guatemala,2017,1200
811,Guyana,2017,0
812,"Hong Kong, China",2017,0
813,Honduras,2017,0
814,Croatia,2017,0
815,Haiti,2017,0
816,Hungary,2017,0
817,Indonesia,2017,2800
818,India,2017,78000
819,Ireland,2017,0
820,Iran,2017,0
821,Iraq,2017,1379000
822,Iceland,2017,0
823,Israel,2017,2900
824,Italy,2017,0
825,Jamaica,2017,0
826,Jordan,2017,0
827,Japan,2017,0
828,Kazakhstan,2017,0
829,Kenya,2017,27000
830,Kyrgyzstan,2017,0
831,Cambodia,2017,0
832,St. Kitts and Nevis,2017,0
833,Korea,2017,0
834,Lao PDR,2017,0
835,Lebanon,2017,200
836,Liberia,2017,0
837,Libya,2017,29000
838,Sri Lanka,2017,0
839,St. Martin (French part),2017,0
840,Madagascar,2017,0
841,Maldives,2017,0
842,Mexico,2017,20000
843,North Macedonia,2017,0
844,Mali,2017,35000
845,Myanmar,2017,57000
846,Montenegro,2017,0
847,Mozambique,2017,130
848,Mauritania,2017,0
849,Mauritius,2017,0
850,Malawi,2017,0
851,Malaysia,2017,0
852,Namibia,2017,0
853,New Caledonia,2017,0
854,Niger,2017,40000
855,Nigeria,2017,279000
856,Nicaragua,2017,0
857,Norway,2017,0
858,Nepal,2017,2
859,New Zealand,2017,0
860,Oman,2017,0
861,Pakistan,2017,75000
862,Panama,2017,0
863,Peru,2017,0
864,Philippines,2017,645000
865,Papua New Guinea,2017,0
866,Puerto Rico,2017,0
867,Portugal,2017,0
868,Paraguay,2017,0
869,Palestine,2017,700
870,French Polynesia,2017,0
871,Russia,2017,0
872,Rwanda,2017,0
873,Saudi Arabia,2017,0
874,Sudan,2017,17000
875,Senegal,2017,0
876,Solomon Islands,2017,0
877,Sierra Leone,2017,0
878,El Salvador,2017,296000
879,Somalia,2017,388000
880,Serbia,2017,0
881,South Sudan,2017,857000
882,Suriname,2017,0
883,Sint Maarten (Dutch part),2017,0
884,Syria,2017,2911000
885,Turks and Caicos Islands,2017,0
886,Chad,2017,5800
887,Togo,2017,2700
888,Thailand,2017,0
889,Tajikistan,2017,0
890,Trinidad and Tobago,2017,0
891,Tunisia,2017,0
892,Türkiye,2017,0
893,"Taiwan, China",2017,0
894,Tanzania,2017,0
895,Uganda,2017,1300
896,Ukraine,2017,21000
897,Uruguay,2017,0
898,United States,2017,0
899,St. Vincent and the Grenadines,2017,0
900,Venezuela,2017,0
901,British Virgin Islands,2017,0
902,Virgin Islands,2017,0
903,Viet Nam,2017,0
904,Vanuatu,2017,0
905,Kosovo,2017,0
906,Yemen,2017,160000
907,South Africa,2017,0
908,Zambia,2017,0
909,Zimbabwe,2017,0
910,Abyei Area,2016,0
911,Afghanistan,2016,653000
912,Angola,2016,0
913,Albania,2016,0
914,Argentina,2016,0
915,Armenia,2016,0
916,Australia,2016,0
917,Austria,2016,0
918,Azerbaijan,2016,0
919,Burundi,2016,16000
920,Benin,2016,0
921,Burkina Faso,2016,700
922,Bangladesh,2016,0
923,Bulgaria,2016,0
924,Bahamas,2016,0
925,Bosnia and Herzegovina,2016,0
926,Belize,2016,0
927,Bolivia,2016,0
928,Brazil,2016,0
929,Barbados,2016,0
930,Bhutan,2016,0
931,Central African Republic,2016,46000
932,Canada,2016,0
933,Chile,2016,0
934,China,2016,0
935,Côte d'Ivoire,2016,0
936,Cameroon,2016,83000
937,Dem. Rep. Congo,2016,922000
938,Congo,2016,25000
939,Cook Islands,2016,0
940,Colombia,2016,171000
941,Cabo Verde,2016,0
942,Costa Rica,2016,0
943,Cuba,2016,0
944,Cyprus,2016,0
945,Germany,2016,0
946,Dominican Republic,2016,0
947,Algeria,2016,2800
948,Ecuador,2016,0
949,Egypt,2016,0
950,Spain,2016,0
951,Ethiopia,2016,296000
952,Fiji,2016,0
953,France,2016,0
954,United Kingdom,2016,0
955,Georgia,2016,0
956,Ghana,2016,0
957,Guinea,2016,0
958,Gambia,2016,0
959,Greece,2016,0
960,Guatemala,2016,6200
961,"Hong Kong, China",2016,0
962,Honduras,2016,16000
963,Haiti,2016,0
964,Indonesia,2016,350
965,India,2016,448000
966,Iran,2016,0
967,Iraq,2016,659000
968,Israel,2016,1800
969,Italy,2016,0
970,Jamaica,2016,0
971,Japan,2016,0
972,Kazakhstan,2016,0
973,Kenya,2016,0
974,Kyrgyzstan,2016,0
975,Cambodia,2016,0
976,Korea,2016,0
977,Lao PDR,2016,0
978,Lebanon,2016,110
979,Liberia,2016,0
980,Libya,2016,156000
981,St. Lucia,2016,0
982,Sri Lanka,2016,0
983,Madagascar,2016,0
984,Mexico,2016,23000
985,North Macedonia,2016,0
986,Mali,2016,6300
987,Myanmar,2016,32000
988,Montenegro,2016,0
989,Mozambique,2016,15000
990,Mauritius,2016,0
991,Malawi,2016,0
992,Malaysia,2016,0
993,Niger,2016,166000
994,Nigeria,2016,501000
995,Nicaragua,2016,0
996,Norway,2016,0
997,Nepal,2016,0
998,New Zealand,2016,0
999,Pakistan,2016,2400
1000,Panama,2016,0
1001,Peru,2016,0
1002,Philippines,2016,280000
1003,Papua New Guinea,2016,290
1004,Dem. People's Rep. Korea,2016,0
1005,Portugal,2016,0
1006,Paraguay,2016,0
1007,Palestine,2016,1600
1008,Romania,2016,0
1009,Russia,2016,0
1010,Rwanda,2016,0
1011,Saudi Arabia,2016,0
1012,Sudan,2016,97000
1013,Senegal,2016,0
1014,Solomon Islands,2016,0
1015,El Salvador,2016,220000
1016,Somalia,2016,175000
1017,Serbia,2016,0
1018,South Sudan,2016,281000
1019,Seychelles,2016,0
1020,Syria,2016,2148000
1021,Turks and Caicos Islands,2016,0
1022,Chad,2016,36000
1023,Togo,2016,0
1024,Thailand,2016,0
1025,Tajikistan,2016,0
1026,Timor-Leste,2016,0
1027,Tonga,2016,0
1028,Türkiye,2016,204000
1029,"Taiwan, China",2016,0
1030,Tanzania,2016,0
1031,Uganda,2016,23000
1032,Ukraine,2016,109000
1033,Uruguay,2016,0
1034,United States,2016,0
1035,St. Vincent and the Grenadines,2016,0
1036,Venezuela,2016,0
1037,Viet Nam,2016,0
1038,Samoa,2016,0
1039,Kosovo,2016,0
1040,Yemen,2016,478000
1041,South Africa,2016,0
1042,Zimbabwe,2016,0
1043,Abyei Area,2015,0
1044,Afghanistan,2015,335000
1045,Angola,2015,0
1046,Albania,2015,0
1047,Argentina,2015,0
1048,Armenia,2015,0
1049,Australia,2015,0
1050,Azerbaijan,2015,0
1051,Burundi,2015,23000
1052,Burkina Faso,2015,0
1053,Bangladesh,2015,0
1054,Bulgaria,2015,0
1055,Bahamas,2015,0
1056,Bosnia and Herzegovina,2015,0
1057,Belize,2015,0
1058,Bolivia,2015,0
1059,Brazil,2015,0
1060,Bhutan,2015,0
1061,Botswana,2015,0
1062,Central African Republic,2015,210000
1063,Canada,2015,0
1064,Switzerland,2015,0
1065,Chile,2015,0
1066,China,2015,0
1067,Côte d'Ivoire,2015,3200
1068,Cameroon,2015,71000
1069,Dem. Rep. Congo,2015,621000
1070,Congo,2015,0
1071,Colombia,2015,224000
1072,Cabo Verde,2015,0
1073,Costa Rica,2015,0
1074,Cuba,2015,0
1075,Cyprus,2015,0
1076,Dominica,2015,0
1077,Dominican Republic,2015,0
1078,Algeria,2015,0
1079,Ecuador,2015,0
1080,Egypt,2015,8400
1081,Spain,2015,0
1082,Ethiopia,2015,56000
1083,France,2015,0
1084,Micronesia,2015,0
1085,United Kingdom,2015,0
1086,Georgia,2015,0
1087,Ghana,2015,0
1088,Guinea,2015,0
1089,Greece,2015,0
1090,Guatemala,2015,0
1091,Honduras,2015,0
1092,Croatia,2015,0
1093,Haiti,2015,0
1094,Indonesia,2015,150
1095,India,2015,1000
1096,Ireland,2015,0
1097,Iran,2015,0
1098,Iraq,2015,1114000
1099,Italy,2015,0
1100,Japan,2015,0
1101,Kazakhstan,2015,0
1102,Kenya,2015,0
1103,Kyrgyzstan,2015,0
1104,Cambodia,2015,0
1105,Kiribati,2015,0
1106,Lao PDR,2015,0
1107,Lebanon,2015,3000
1108,Libya,2015,100000
1109,Sri Lanka,2015,0
1110,Madagascar,2015,0
1111,Mexico,2015,6000
1112,North Macedonia,2015,0
1113,Mali,2015,0
1114,Myanmar,2015,16000
1115,Mongolia,2015,0
1116,Mozambique,2015,0
1117,Mauritius,2015,0
1118,Malawi,2015,0
1119,Malaysia,2015,0
1120,Namibia,2015,0
1121,Niger,2015,47000
1122,Nigeria,2015,737000
1123,Nicaragua,2015,0
1124,Norway,2015,0
1125,Nepal,2015,0
1126,New Zealand,2015,0
1127,Pakistan,2015,0
1128,Panama,2015,0
1129,Peru,2015,0
1130,Philippines,2015,288000
1131,Papua New Guinea,2015,0
1132,Dem. People's Rep. Korea,2015,0
1133,Portugal,2015,0
1134,Paraguay,2015,0
1135,Palestine,2015,740
1136,Romania,2015,0
1137,Russia,2015,0
1138,Rwanda,2015,0
1139,Sudan,2015,144000
1140,Senegal,2015,0
1141,Solomon Islands,2015,0
1142,El Salvador,2015,170000
1143,Somalia,2015,90000
1144,South Sudan,2015,199000
1145,Sweden,2015,0
1146,Syria,2015,1300000
1147,Chad,2015,36000
1148,Togo,2015,0
1149,Thailand,2015,0
1150,Tajikistan,2015,0
1151,Timor-Leste,2015,0
1152,Tunisia,2015,0
1153,Türkiye,2015,0
1154,Tuvalu,2015,0
1155,"Taiwan, China",2015,0
1156,Tanzania,2015,0
1157,Uganda,2015,0
1158,Ukraine,2015,942000
1159,Uruguay,2015,0
1160,United States,2015,0
1161,Venezuela,2015,0
1162,Viet Nam,2015,0
1163,Vanuatu,2015,0
1164,Samoa,2015,0
1165,Kosovo,2015,0
1166,Yemen,2015,2175000
1167,South Africa,2015,0
1168,Zambia,2015,0
1169,Zimbabwe,2015,0
1170,Abyei Area,2014,0
1171,Afghanistan,2014,156000
1172,Albania,2014,0
1173,Argentina,2014,0
1174,Armenia,2014,0
1175,Australia,2014,0
1176,Azerbaijan,2014,0
1177,Burundi,2014,0
1178,Bangladesh,2014,0
1179,Bulgaria,2014,0
1180,Bosnia and Herzegovina,2014,0
1181,Bolivia,2014,0
1182,Brazil,2014,0
1183,Brunei,2014,0
1184,Botswana,2014,0
1185,Central African Republic,2014,173000
1186,Canada,2014,0
1187,Chile,2014,0
1188,China,2014,0
1189,Côte d'Ivoire,2014,5500
1190,Cameroon,2014,40000
1191,Dem. Rep. Congo,2014,1003000
1192,Congo,2014,0
1193,Colombia,2014,137000
1194,Comoros,2014,0
1195,Cabo Verde,2014,0
1196,Cyprus,2014,0
1197,Dominican Republic,2014,0
1198,Algeria,2014,0
1199,Ecuador,2014,0
1200,Egypt,2014,4700
1201,Eritrea,2014,0
1202,Spain,2014,0
1203,Ethiopia,2014,137000
1204,Fiji,2014,0
1205,France,2014,0
1206,United Kingdom,2014,0
1207,Georgia,2014,0
1208,Greece,2014,0
1209,Guatemala,2014,1400
1210,Honduras,2014,0
1211,Croatia,2014,0
1212,Haiti,2014,0
1213,Hungary,2014,0
1214,Indonesia,2014,800
1215,India,2014,345000
1216,Iran,2014,0
1217,Iraq,2014,2177000
1218,Israel,2014,10000
1219,Italy,2014,0
1220,Japan,2014,0
1221,Kenya,2014,220000
1222,Cambodia,2014,0
1223,Lao PDR,2014,0
1224,Lebanon,2014,0
1225,Liberia,2014,0
1226,Libya,2014,341000
1227,Sri Lanka,2014,0
1228,Lesotho,2014,0
1229,Morocco,2014,0
1230,Madagascar,2014,0
1231,Mexico,2014,9000
1232,Marshall Islands,2014,0
1233,North Macedonia,2014,0
1234,Mali,2014,19000
1235,Myanmar,2014,6200
1236,Mozambique,2014,0
1237,Malawi,2014,0
1238,Malaysia,2014,0
1239,Namibia,2014,0
1240,Niger,2014,0
1241,Nigeria,2014,975000
1242,Nicaragua,2014,0
1243,Norway,2014,0
1244,Nepal,2014,0
1245,Pakistan,2014,907000
1246,Panama,2014,0
1247,Peru,2014,0
1248,Philippines,2014,124000
1249,Papua New Guinea,2014,1200
1250,Paraguay,2014,0
1251,Palestine,2014,501000
1252,Romania,2014,0
1253,Russia,2014,0
1254,Sudan,2014,558000
1255,Senegal,2014,0
1256,Solomon Islands,2014,0
1257,El Salvador,2014,191000
1258,Somalia,2014,89000
1259,Serbia,2014,0
1260,South Sudan,2014,1304000
1261,Sweden,2014,0
1262,Seychelles,2014,0
1263,Syria,2014,1100000
1264,Chad,2014,0
1265,Togo,2014,0
1266,Thailand,2014,0
1267,Tajikistan,2014,0
1268,Turkmenistan,2014,0
1269,Timor-Leste,2014,2100
1270,Tonga,2014,0
1271,Türkiye,2014,0
1272,"Taiwan, China",2014,0
1273,Tanzania,2014,0
1274,Uganda,2014,0
1275,Ukraine,2014,646000
1276,Uruguay,2014,0
1277,United States,2014,0
1278,Uzbekistan,2014,0
1279,Viet Nam,2014,0
1280,Vanuatu,2014,0
1281,Samoa,2014,0
1282,Kosovo,2014,0
1283,Yemen,2014,100000
1284,South Africa,2014,0
1285,Zambia,2014,0
1286,Zimbabwe,2014,0
1287,Afghanistan,2013,124000
1288,Angola,2013,0
1289,Albania,2013,0
1290,Argentina,2013,0
1291,Armenia,2013,0
1292,Australia,2013,0
1293,Austria,2013,0
1294,Azerbaijan,2013,0
1295,Burundi,2013,0
1296,Benin,2013,0
1297,Burkina Faso,2013,0
1298,Bangladesh,2013,0
1299,Bosnia and Herzegovina,2013,0
1300,Belize,2013,0
1301,Bolivia,2013,0
1302,Brazil,2013,0
1303,Botswana,2013,0
1304,Central African Republic,2013,935000
1305,Canada,2013,0
1306,Switzerland,2013,0
1307,Chile,2013,0
1308,China,2013,0
1309,Côte d'Ivoire,2013,30000
1310,Cameroon,2013,0
1311,Dem. Rep. Congo,2013,1000000
1312,Congo,2013,0
1313,Colombia,2013,157000
1314,Costa Rica,2013,0
1315,Cyprus,2013,0
1316,Czech Republic,2013,0
1317,Germany,2013,0
1318,Dominica,2013,0
1319,Dominican Republic,2013,0
1320,Algeria,2013,0
1321,Ecuador,2013,0
1322,Eritrea,2013,0
1323,Spain,2013,0
1324,Ethiopia,2013,179000
1325,Finland,2013,0
1326,France,2013,0
1327,Gabon,2013,0
1328,United Kingdom,2013,0
1329,Georgia,2013,0
1330,Ghana,2013,0
1331,Guinea,2013,0
1332,Gambia,2013,0
1333,Greece,2013,0
1334,Guatemala,2013,0
1335,Haiti,2013,0
1336,Hungary,2013,0
1337,Indonesia,2013,3000
1338,India,2013,64000
1339,Iran,2013,0
1340,Iraq,2013,12000
1341,Israel,2013,0
1342,Italy,2013,0
1343,Jordan,2013,0
1344,Japan,2013,0
1345,Kazakhstan,2013,0
1346,Kenya,2013,55000
1347,Cambodia,2013,0
1348,Korea,2013,0
1349,Lao PDR,2013,0
1350,Lebanon,2013,0
1351,Liberia,2013,10000
1352,Libya,2013,0
1353,St. Lucia,2013,0
1354,Sri Lanka,2013,0
1355,Madagascar,2013,0
1356,Mexico,2013,20000
1357,North Macedonia,2013,0
1358,Mali,2013,123000
1359,Myanmar,2013,54000
1360,Mozambique,2013,0
1361,Mauritania,2013,0
1362,Malawi,2013,0
1363,Malaysia,2013,0
1364,Namibia,2013,0
1365,Niger,2013,0
1366,Nigeria,2013,470000
1367,Nicaragua,2013,0
1368,Nepal,2013,0
1369,New Zealand,2013,0
1370,Oman,2013,0
1371,Pakistan,2013,140000
1372,Panama,2013,0
1373,Peru,2013,0
1374,Philippines,2013,327000
1375,Palau,2013,0
1376,Papua New Guinea,2013,0
1377,Dem. People's Rep. Korea,2013,0
1378,Paraguay,2013,0
1379,Palestine,2013,1100
1380,Russia,2013,0
1381,Rwanda,2013,0
1382,Saudi Arabia,2013,0
1383,Sudan,2013,470000
1384,Senegal,2013,0
1385,Solomon Islands,2013,0
1386,Sierra Leone,2013,0
1387,El Salvador,2013,0
1388,Somalia,2013,80000
1389,Serbia,2013,0
1390,South Sudan,2013,383000
1391,Suriname,2013,0
1392,Seychelles,2013,0
1393,Syria,2013,3500000
1394,Chad,2013,0
1395,Togo,2013,0
1396,Thailand,2013,100
1397,Tajikistan,2013,0
1398,Turkmenistan,2013,0
1399,Timor-Leste,2013,0
1400,Tonga,2013,0
1401,Trinidad and Tobago,2013,0
1402,Tunisia,2013,0
1403,Türkiye,2013,0
1404,"Taiwan, China",2013,0
1405,Uganda,2013,0
1406,Ukraine,2013,0
1407,Uruguay,2013,0
1408,United States,2013,0
1409,Uzbekistan,2013,0
1410,St. Vincent and the Grenadines,2013,0
1411,Viet Nam,2013,0
1412,Vanuatu,2013,0
1413,Kosovo,2013,0
1414,Yemen,2013,20000
1415,South Africa,2013,0
1416,Zambia,2013,0
1417,Zimbabwe,2013,0
1418,Afghanistan,2012,100000
1419,Angola,2012,0
1420,Argentina,2012,0
1421,Armenia,2012,0
1422,Australia,2012,0
1423,Azerbaijan,2012,0
1424,Burundi,2012,0
1425,Benin,2012,0
1426,Bangladesh,2012,5000
1427,Bulgaria,2012,0
1428,Bosnia and Herzegovina,2012,0
1429,Bolivia,2012,0
1430,Brazil,2012,0
1431,Central African Republic,2012,106000
1432,Chile,2012,0
1433,China,2012,0
1434,Côte d'Ivoire,2012,24000
1435,Cameroon,2012,0
1436,Dem. Rep. Congo,2012,1000000
1437,Congo,2012,0
1438,Colombia,2012,230000
1439,Comoros,2012,0
1440,Costa Rica,2012,0
1441,Cuba,2012,0
1442,Cyprus,2012,0
1443,Dominican Republic,2012,0
1444,Ecuador,2012,0
1445,Eritrea,2012,0
1446,Spain,2012,0
1447,Ethiopia,2012,0
1448,Fiji,2012,0
1449,Gabon,2012,0
1450,United Kingdom,2012,0
1451,Georgia,2012,0
1452,Gambia,2012,0
1453,Guatemala,2012,0
1454,Haiti,2012,0
1455,Indonesia,2012,5000
1456,India,2012,500000
1457,Iran,2012,0
1458,Iraq,2012,0
1459,Italy,2012,0
1460,Jamaica,2012,0
1461,Japan,2012,0
1462,Kazakhstan,2012,0
1463,Kenya,2012,118000
1464,Kyrgyzstan,2012,0
1465,Lebanon,2012,0
1466,Liberia,2012,0
1467,Libya,2012,0
1468,Sri Lanka,2012,0
1469,Morocco,2012,0
1470,Madagascar,2012,0
1471,Mexico,2012,0
1472,North Macedonia,2012,0
1473,Mali,2012,227000
1474,Myanmar,2012,166000
1475,Montenegro,2012,0
1476,Mozambique,2012,0
1477,Malawi,2012,0
1478,Malaysia,2012,0
1479,Namibia,2012,0
1480,Niger,2012,0
1481,Nigeria,2012,63000
1482,Nepal,2012,0
1483,New Zealand,2012,0
1484,Pakistan,2012,412000
1485,Panama,2012,0
1486,Peru,2012,0
1487,Philippines,2012,178000
1488,Palau,2012,0
1489,Papua New Guinea,2012,0
1490,Dem. People's Rep. Korea,2012,0
1491,Palestine,2012,12000
1492,Russia,2012,0
1493,Rwanda,2012,0
1494,Sudan,2012,500000
1495,Senegal,2012,170
1496,Solomon Islands,2012,0
1497,Somalia,2012,185000
1498,Serbia,2012,0
1499,South Sudan,2012,190000
1500,Syria,2012,2400000
1501,Chad,2012,0
1502,Togo,2012,0
1503,Thailand,2012,0
1504,Tajikistan,2012,0
1505,Turkmenistan,2012,0
1506,Timor-Leste,2012,0
1507,Tonga,2012,0
1508,Türkiye,2012,200
1509,"Taiwan, China",2012,0
1510,Tanzania,2012,0
1511,Uganda,2012,0
1512,United States,2012,0
1513,Uzbekistan,2012,0
1514,Venezuela,2012,0
1515,Viet Nam,2012,0
1516,Vanuatu,2012,0
1517,Samoa,2012,0
1518,Kosovo,2012,0
1519,Yemen,2012,132000
1520,South Africa,2012,0
1521,Zimbabwe,2012,280
1522,Afghanistan,2011,186000
1523,Angola,2011,0
1524,Armenia,2011,0
1525,Australia,2011,0
1526,Azerbaijan,2011,0
1527,Burundi,2011,0
1528,Bangladesh,2011,600
1529,Bosnia and Herzegovina,2011,0
1530,Bolivia,2011,0
1531,Brazil,2011,0
1532,Bhutan,2011,0
1533,Central African Republic,2011,22000
1534,Chile,2011,0
1535,China,2011,0
1536,Côte d'Ivoire,2011,1000000
1537,Dem. Rep. Congo,2011,168000
1538,Congo,2011,0
1539,Colombia,2011,103000
1540,Costa Rica,2011,0
1541,Cyprus,2011,0
1542,Dominica,2011,0
1543,Dominican Republic,2011,0
1544,Eritrea,2011,0
1545,Spain,2011,0
1546,Ethiopia,2011,50000
1547,Georgia,2011,0
1548,Ghana,2011,0
1549,Guinea,2011,0
1550,Guatemala,2011,0
1551,Honduras,2011,0
1552,Croatia,2011,0
1553,Haiti,2011,0
1554,Indonesia,2011,15000
1555,India,2011,53000
1556,Iraq,2011,8000
1557,Israel,2011,480
1558,Japan,2011,0
1559,Kazakhstan,2011,0
1560,Kenya,2011,50000
1561,Kyrgyzstan,2011,0
1562,Cambodia,2011,0
1563,Korea,2011,0
1564,Lao PDR,2011,0
1565,Lebanon,2011,0
1566,Liberia,2011,0
1567,Libya,2011,498000
1568,Sri Lanka,2011,0
1569,Lesotho,2011,0
1570,Madagascar,2011,0
1571,Mexico,2011,26000
1572,North Macedonia,2011,0
1573,Mali,2011,0
1574,Myanmar,2011,50000
1575,Mozambique,2011,0
1576,Malawi,2011,0
1577,Malaysia,2011,0
1578,Namibia,2011,0
1579,Niger,2011,0
1580,Nigeria,2011,65000
1581,Nicaragua,2011,0
1582,Nepal,2011,0
1583,New Zealand,2011,0
1584,Pakistan,2011,190000
1585,Peru,2011,0
1586,Philippines,2011,97000
1587,Dem. People's Rep. Korea,2011,0
1588,Palestine,2011,1100
1589,Russia,2011,0
1590,Rwanda,2011,0
1591,Saudi Arabia,2011,0
1592,Sudan,2011,115000
1593,Senegal,2011,0
1594,El Salvador,2011,0
1595,Somalia,2011,100000
1596,Serbia,2011,0
1597,South Sudan,2011,350000
1598,Syria,2011,156000
1599,Chad,2011,0
1600,Togo,2011,0
1601,Thailand,2011,50000
1602,Turkmenistan,2011,0
1603,Timor-Leste,2011,1000
1604,Türkiye,2011,0
1605,Tanzania,2011,0
1606,Uganda,2011,0
1607,United States,2011,0
1608,Uzbekistan,2011,0
1609,Viet Nam,2011,0
1610,Vanuatu,2011,0
1611,Kosovo,2011,0
1612,Yemen,2011,175000
1613,South Africa,2011,0
1614,Afghanistan,2010,102000
1615,Angola,2010,0
1616,Armenia,2010,0
1617,Australia,2010,0
1618,Azerbaijan,2010,0
1619,Burundi,2010,0
1620,Benin,2010,0
1621,Burkina Faso,2010,0
1622,Bangladesh,2010,3500
1623,Bosnia and Herzegovina,2010,0
1624,Bolivia,2010,0
1625,Brazil,2010,0
1626,Central African Republic,2010,24000
1627,Chile,2010,0
1628,China,2010,0
1629,Côte d'Ivoire,2010,2700
1630,Cameroon,2010,0
1631,Dem. Rep. Congo,2010,400000
1632,Congo,2010,0
1633,Cook Islands,2010,0
1634,Colombia,2010,280000
1635,Cyprus,2010,0
1636,Ecuador,2010,0
1637,Eritrea,2010,0
1638,Ethiopia,2010,0
1639,Fiji,2010,0
1640,France,2010,0
1641,Georgia,2010,0
1642,Gambia,2010,0
1643,Guinea-Bissau,2010,0
1644,Guatemala,2010,0
1645,Honduras,2010,0
1646,Croatia,2010,0
1647,Haiti,2010,0
1648,Indonesia,2010,35000
1649,India,2010,106000
1650,Iran,2010,0
1651,Iraq,2010,0
1652,Japan,2010,0
1653,Kazakhstan,2010,0
1654,Kenya,2010,0
1655,Kyrgyzstan,2010,300000
1656,Cambodia,2010,0
1657,Lao PDR,2010,4400
1658,Lebanon,2010,0
1659,Liberia,2010,0
1660,Sri Lanka,2010,0
1661,Lesotho,2010,0
1662,Morocco,2010,0
1663,Madagascar,2010,0
1664,Mexico,2010,115000
1665,North Macedonia,2010,0
1666,Mali,2010,0
1667,Myanmar,2010,73000
1668,Montenegro,2010,0
1669,Mozambique,2010,0
1670,Mauritania,2010,0
1671,Malaysia,2010,0
1672,Namibia,2010,0
1673,Niger,2010,0
1674,Nigeria,2010,5000
1675,Nicaragua,2010,0
1676,Nepal,2010,0
1677,New Zealand,2010,0
1678,Pakistan,2010,400000
1679,Peru,2010,0
1680,Philippines,2010,70000
1681,Poland,2010,0
1682,Dem. People's Rep. Korea,2010,0
1683,Palestine,2010,600
1684,French Polynesia,2010,0
1685,Russia,2010,0
1686,Rwanda,2010,0
1687,Sudan,2010,490000
1688,Senegal,2010,4000
1689,Solomon Islands,2010,0
1690,El Salvador,2010,0
1691,Somalia,2010,300000
1692,Serbia,2010,0
1693,Syria,2010,0
1694,Chad,2010,0
1695,Togo,2010,0
1696,Thailand,2010,0
1697,Tajikistan,2010,0
1698,Turkmenistan,2010,0
1699,Timor-Leste,2010,0
1700,Türkiye,2010,0
1701,Uganda,2010,0
1702,Uzbekistan,2010,0
1703,St. Vincent and the Grenadines,2010,0
1704,Venezuela,2010,0
1705,Viet Nam,2010,0
1706,Kosovo,2010,0
1707,Yemen,2010,176000
1708,South Africa,2010,0
1709,Zambia,2010,0
